{
  "accuracy": 0.9254,
  "precision": 0.9218,
  "recall": 0.9003,
  "f1_score": 0.9109,
  "confusion_matrix": [
    [
      7335,
      436
    ],
    [
      569,
      5136
    ]
  ],
  "classification_report": {
    "Real": {
      "precision": 0.9280111336032388,
      "recall": 0.9438939647407026,
      "f1-score": 0.9358851674641149,
      "support": 7771.0
    },
    "Fake": {
      "precision": 0.9217516152189519,
      "recall": 0.9002629272567922,
      "f1-score": 0.9108805533386538,
      "support": 5705.0
    },
    "accuracy": 0.9254229741763135,
    "macro avg": {
      "precision": 0.9248813744110953,
      "recall": 0.9220784459987474,
      "f1-score": 0.9233828604013843,
      "support": 13476.0
    },
    "weighted avg": {
      "precision": 0.9253611965015501,
      "recall": 0.9254229741763135,
      "f1-score": 0.925299583938903,
      "support": 13476.0
    }
  }
}